{
  "Gilgamesh": {
    "Extroversion": 0.4880048930644989,
    "Neuroticism": 0.5551559329032898,
    "Agreeableness": 0.5027115941047668,
    "Conscientiousness": 0.44402286410331726,
    "Openness": 0.5527224540710449
  },
  "Enkidu": {
    "Extroversion": 0.47686079144477844,
    "Neuroticism": 0.5527431964874268,
    "Agreeableness": 0.4784547686576843,
    "Conscientiousness": 0.3947576582431793,
    "Openness": 0.5239543318748474
  },
  "Ishtar": {
    "Extroversion": 0.5090641975402832,
    "Neuroticism": 0.5484529137611389,
    "Agreeableness": 0.4625711739063263,
    "Conscientiousness": 0.40220192074775696,
    "Openness": 0.547966718673706
  },
  "Ea (god)": {
    "Extroversion": 0.530328094959259,
    "Neuroticism": 0.5560672283172607,
    "Agreeableness": 0.48078110814094543,
    "Conscientiousness": 0.435718297958374,
    "Openness": 0.5743647217750549
  },
  "Utnapishtim": {
    "Extroversion": 0.5280260443687439,
    "Neuroticism": 0.5629869699478149,
    "Agreeableness": 0.4608686566352844,
    "Conscientiousness": 0.3785780668258667,
    "Openness": 0.5535939931869507
  },
  "Glaucon (brother of Plato)": {
    "Extroversion": 0.51541668176651,
    "Neuroticism": 0.5501275658607483,
    "Agreeableness": 0.5023291707038879,
    "Conscientiousness": 0.4795747995376587,
    "Openness": 0.5758540034294128
  },
  "Adeimantus of Collytus": {
    "Extroversion": 0.5283036231994629,
    "Neuroticism": 0.5598501563072205,
    "Agreeableness": 0.47166821360588074,
    "Conscientiousness": 0.41660523414611816,
    "Openness": 0.5727775692939758
  },
  "Medea (mythology)": {
    "Extroversion": 0.5075693130493164,
    "Neuroticism": 0.5423435568809509,
    "Agreeableness": 0.4966234564781189,
    "Conscientiousness": 0.47342029213905334,
    "Openness": 0.5556029677391052
  },
  "Jason (mythology)": {
    "Extroversion": 0.4251363277435303,
    "Neuroticism": 0.5500127673149109,
    "Agreeableness": 0.5162216424942017,
    "Conscientiousness": 0.4842301905155182,
    "Openness": 0.49685749411582947
  },
  "Aegeus": {
    "Extroversion": 0.576837956905365,
    "Neuroticism": 0.5434496402740479,
    "Agreeableness": 0.4910082519054413,
    "Conscientiousness": 0.38474389910697937,
    "Openness": 0.6386955380439758
  },
  "Apollo": {
    "Extroversion": 0.4842545688152313,
    "Neuroticism": 0.5569142699241638,
    "Agreeableness": 0.5004192590713501,
    "Conscientiousness": 0.47721654176712036,
    "Openness": 0.5512444972991943
  },
  "Daphne (mythology)": {
    "Extroversion": 0.47817376255989075,
    "Neuroticism": 0.549422025680542,
    "Agreeableness": 0.48072218894958496,
    "Conscientiousness": 0.4231320321559906,
    "Openness": 0.5392431616783142
  },
  "Lesbia (real name Clodia, Lover of Catullus)": {
    "Extroversion": 0.5395320653915405,
    "Neuroticism": 0.560526430606842,
    "Agreeableness": 0.44901105761528015,
    "Conscientiousness": 0.32133960723876953,
    "Openness": 0.576649010181427
  },
  "Gallis (mythology)": {
    "Extroversion": 0.5347690582275391,
    "Neuroticism": 0.5531262755393982,
    "Agreeableness": 0.4489223062992096,
    "Conscientiousness": 0.3566127121448517,
    "Openness": 0.5511274933815002
  },
  "Dante Alighieri": {
    "Extroversion": 0.5275253057479858,
    "Neuroticism": 0.5503047108650208,
    "Agreeableness": 0.4583188593387604,
    "Conscientiousness": 0.38571178913116455,
    "Openness": 0.5590519309043884
  },
  "Shahryar (a character in One Thousand and One Nights)": {
    "Extroversion": 0.5558751225471497,
    "Neuroticism": 0.5784493088722229,
    "Agreeableness": 0.4405110478401184,
    "Conscientiousness": 0.3174712061882019,
    "Openness": 0.5730348825454712
  },
  "Aladdin": {
    "Extroversion": 0.4919918179512024,
    "Neuroticism": 0.5422471165657043,
    "Agreeableness": 0.4903218150138855,
    "Conscientiousness": 0.46021270751953125,
    "Openness": 0.5327515006065369
  },
  "Dinarzade": {
    "Extroversion": 0.49324512481689453,
    "Neuroticism": 0.5509076118469238,
    "Agreeableness": 0.5103402733802795,
    "Conscientiousness": 0.4679054915904999,
    "Openness": 0.5342761874198914
  },
  "Niccol\u00f2 Machiavelli": {
    "Extroversion": 0.4751428961753845,
    "Neuroticism": 0.5505497455596924,
    "Agreeableness": 0.4871519207954407,
    "Conscientiousness": 0.46016156673431396,
    "Openness": 0.5356677174568176
  },
  "Richard II (Shakespeare play)": {
    "Extroversion": 0.4578944444656372,
    "Neuroticism": 0.5636948943138123,
    "Agreeableness": 0.499237984418869,
    "Conscientiousness": 0.44548916816711426,
    "Openness": 0.5213619470596313
  },
  "King Henry IV (Shakespeare play)": {
    "Extroversion": 0.471930593252182,
    "Neuroticism": 0.5449392795562744,
    "Agreeableness": 0.4990423321723938,
    "Conscientiousness": 0.45418456196784973,
    "Openness": 0.5142696499824524
  }
}